Well,X,Y,NTG
201-901,201,901,0.5
201-902,201,902,0.4871265808234978
201-903,201,903,0.4742702179114417
201-904,201,904,0.46144787725506536
201-905,201,905,0.4486763453125814
201-906,201,906,0.4359721417567007
201-908,201,908,0.41082996269262795
201-909,201,909,0.3984229541340012
201-910,201,910,0.38614506181462216
201-911,201,911,0.3740102962548078
201-912,201,912,0.3620319685608002
201-913,201,913,0.3502226398248507
201-915,201,915,0.3271572214513009
201-916,201,916,0.31592215221360204
201-917,201,917,0.3048980739885988
201-918,201,918,0.2940932996690913
201-919,201,919,0.2835152451965528
201-920,201,920,0.27317043041708655
201-921,201,921,0.2630644864008786
201-922,201,922,0.2532021687699086
201-923,201,923,0.24358737652989476
201-925,201,925,0.22511182833724722
201-926,201,926,0.21625482289233253
201-927,201,927,0.20765291112570508
201-928,201,928,0.19930614520183867
201-929,201,929,0.19121391788989237
201-930,201,930,0.1833750041746716
202-901,202,901,0.49306647302781514
202-902,202,902,0.48020012305674503
202-903,202,903,0.4673599826125746
202-904,202,904,0.4545629319927299
202-905,202,905,0.44182562466402864
202-906,202,906,0.4291644014901775
202-907,202,907,0.4165952084144983
202-908,202,908,0.40413351846019546
202-909,202,909,0.39179425883019475
202-910,202,910,0.37959174379553795
202-911,202,911,0.36753961395789586
202-912,202,912,0.35565078236082326
202-913,202,913,0.3439373878087997
202-914,202,914,0.33241075563564915
202-915,202,915,0.3210813660475366
202-916,202,916,0.30995883005285046
202-917,202,917,0.2990518728843107
202-918,202,918,0.288368324719632
202-919,202,919,0.27791511841757777
202-920,202,920,0.26769829390771027
202-921,202,921,0.2577230088053075
202-923,202,923,0.23851337907162679
202-924,202,924,0.2292851108422008
202-926,202,926,0.21159090801075203
202-927,202,927,0.20312643080836168
202-928,202,928,0.19491685176454032
202-929,202,929,0.18696122571648677
202-930,202,930,0.1792580125994359
203-901,203,901,0.4861356121106657
203-903,203,903,0.4604622468657702
203-904,203,904,0.4476953171090901
203-905,203,905,0.4349969745093393
203-907,203,907,0.4098701659428792
203-908,203,908,0.39747258843165173
203-909,203,909,0.3852052297810261
203-910,203,910,0.3730820486061306
203-911,203,911,0.3611162999565845
203-912,203,912,0.3493204852720582
203-913,203,913,0.33770630969032195
203-914,203,914,0.32628464688638165
203-915,203,915,0.31506551150652357
203-916,203,916,0.30405803915110174
203-917,203,917,0.2932704737569782
203-918,203,918,0.28271016213649136
203-919,203,919,0.2723835553460604
203-920,203,920,0.26229621648525
203-921,203,921,0.2524528344668538
203-922,203,922,0.24285724325071115
203-923,203,923,0.2335124459984903
203-924,203,924,0.22442064358313993
203-925,203,925,0.21558326687462148
203-926,203,926,0.20700101222192172
203-927,203,927,0.19867387955930096
203-928,203,928,0.19060121258102666
203-930,203,930,0.17521362055411244
204-901,204,901,0.47921007920459535
204-902,204,902,0.46637265975903536
204-903,204,903,0.45357962189511547
204-905,204,905,0.42819290144064714
204-906,204,906,0.41563144440709837
204-908,204,908,0.3908494317871726
204-909,204,909,0.37865802296718565
204-910,204,910,0.3666180203544287
204-911,204,911,0.3547422789289649
204-912,204,912,0.3430428761432433
204-913,204,913,0.33153107327091297
204-914,204,914,0.32021728433509383
204-915,204,915,0.30911105261996136
204-916,204,916,0.2982210346630539
204-917,204,917,0.28755499152735675
204-918,204,918,0.27711978706359147
204-919,204,919,0.26692139279539945
204-920,204,920,0.2569648989942758
204-921,204,921,0.2472545314575006
204-922,204,922,0.23779367346114547
204-923,204,923,0.22858489233127935
204-924,204,924,0.21962997005918108
204-926,204,926,0.20248511073850434
204-927,204,927,0.19429513157625064
204-928,204,928,0.1863590073986773
204-929,204,929,0.17867515410269383
204-930,204,930,0.17124143908132003
205-901,205,901,0.4722925280810491
205-902,205,902,0.45947692559003694
205-903,205,903,0.4467146959034024
205-904,205,904,0.43402231002208114
205-905,205,905,0.42141587521023255
205-906,205,906,0.4089110552382856
205-907,205,907,0.39652299543524755
205-908,205,908,0.3842662532764161
205-909,205,909,0.3721547351328365
205-910,205,910,0.36020163970051794
205-912,205,912,0.3368196838257637
205-913,205,913,0.32541327403703496
205-914,205,914,0.31421012670864373
205-915,205,915,0.3032193091240383
205-917,205,917,0.28190646572379996
205-918,205,918,0.2715980999129034
205-919,205,919,0.2615293940101004
205-920,205,920,0.25170497033334677
205-921,205,921,0.2421285979401611
205-922,205,922,0.2328032171381271
205-924,205,924,0.21491322444531
205-925,205,925,0.2063506268863738
205-926,205,926,0.1980431235716201
205-928,205,928,0.18218996787526637
205-929,205,929,0.17464111422935844
205-930,205,930,0.1673410384376955
206-901,206,901,0.4653856002679603
206-902,206,902,0.4525966738564665
206-903,206,903,0.4398700302255598
206-904,206,904,0.42722195467321294
206-905,206,905,0.4146683252606694
206-906,206,906,0.40222453554944465
206-907,206,907,0.3899054225503846
206-908,206,908,0.37772520055844006
206-909,206,909,0.3656974014420337
206-910,206,910,0.3538348218440924
206-911,206,911,0.34214947763572723
206-913,206,913,0.3193544341760328
206-915,206,915,0.29739152538060537
206-916,206,916,0.286743027984113
206-917,206,917,0.276325860773012
206-918,206,918,0.26614592693095485
206-919,206,919,0.2562082494854324
206-920,206,920,0.2465169885034768
206-921,206,921,0.23707546342043082
206-922,206,922,0.22788617994315064
206-923,206,923,0.2189508609526184
206-924,206,924,0.21027048082537944
206-925,206,925,0.20184530259765585
206-926,206,926,0.1936749174091985
206-927,206,927,0.18575828568485336
206-928,206,928,0.17809377953909822
206-930,206,930,0.16351195005618477
207-901,207,901,0.45849192103069375
207-902,207,902,0.445734489152386
207-903,207,903,0.43304815556831766
207-904,207,904,0.420448996164713
207-905,207,905,0.4079526373811241
207-906,207,906,0.39557418166446084
207-908,207,908,0.3712283617099179
207-909,207,909,0.35928799331198424
207-911,207,911,0.3359342050241217
207-913,207,913,0.31335600177490813
207-914,207,914,0.3023818874528922
207-915,207,915,0.29162887022915607
207-916,207,916,0.28110415868573946
207-917,207,917,0.2708140664419812
207-918,207,918,0.26076402090459383
207-920,207,920,0.24140144176929884
207-921,207,921,0.23209549009698802
207-922,207,922,0.22304280297406612
207-923,207,923,0.21424469574672206
207-924,207,924,0.2057017549529292
207-925,207,925,0.19741387678300054
207-926,207,926,0.189380307524956
207-928,207,928,0.174070083756972
207-929,207,929,0.16678905376275896
208-901,208,901,0.45161409540578
208-902,208,902,0.4388929286606408
208-903,208,903,0.4262515683476124
208-904,208,904,0.4137058578978052
208-905,208,905,0.4012711504990736
208-906,208,906,0.38896223747571346
208-907,208,907,0.3767932826015031
208-908,208,908,0.36477776290660735
208-909,208,909,0.35292841642655254
208-910,208,910,0.3412571972252429
208-911,208,911,0.3297752379065445
208-912,208,912,0.31849281971312615
208-913,208,913,0.30741935019957134
208-914,208,914,0.29656334836143144
208-916,208,916,0.27553334205533503
208-917,208,917,0.26537189842481135
208-918,208,918,0.2554530619991502
208-920,208,920,0.236358749925391
208-921,208,921,0.22718897430299406
208-922,208,922,0.2182732643552049
208-923,208,923,0.2096125383206122
208-924,208,924,0.2012070060613214
208-926,208,926,0.1851590597115137
208-927,208,927,0.1775138878052546
208-928,208,928,0.17011847970446706
208-929,208,929,0.1629701237939103
208-930,208,930,0.1560656533840558
209-901,209,901,0.4447547043000888
209-902,209,902,0.43207451840581135
209-903,209,903,0.41948272713471585
209-904,209,904,0.40699491915295827
209-905,209,905,0.39462615361601683
209-906,209,906,0.38239089166732565
209-907,209,907,0.3703029341856877
209-908,209,908,0.3583753662821995
209-909,209,909,0.3466205089325937
209-910,209,910,0.3350498780137009
209-911,209,911,0.32367415089581403
209-912,209,912,0.3125031406288283
209-913,209,913,0.3015457776515369
209-914,209,914,0.29081009885239584
209-915,209,915,0.2803032437183254
209-917,209,917,0.260000099067848
209-918,209,918,0.25021365872189816
209-919,209,919,0.24067577588101718
209-920,209,920,0.23138926566016096
209-921,209,921,0.2223561480308504
209-922,209,922,0.21357768089677276
209-923,209,923,0.20505439623247357
209-924,209,924,0.1967861387161348
209-925,209,925,0.1887721063055564
209-926,209,926,0.18101089223142258
209-927,209,927,0.17350052791260767
209-928,209,928,0.1662385263333341
209-929,209,929,0.15922192546038333
209-930,209,930,0.1524473313190665
210-901,210,901,0.4379163006677222
210-902,210,902,0.42528174960650744
210-903,210,903,0.41274404922147934
210-904,210,904,0.40031851190169193
210-905,210,905,0.3880198828949906
210-906,210,906,0.3758622751026663
210-907,210,907,0.3638591104065336
210-908,210,908,0.3520230679678348
210-909,210,909,0.3403660398208593
210-910,210,910,0.3288990939668166
210-911,210,911,0.31763244505787297
210-912,210,912,0.306575432649976
210-913,210,913,0.295736506898395
210-915,210,915,0.27474223338905535
210-917,210,917,0.25469933822620056
210-918,210,918,0.2450463490035203
210-919,210,919,0.2356435339243747
210-920,210,920,0.22649327600963712
210-921,210,921,0.21759718053269306
210-922,210,922,0.20895610981604354
210-924,210,924,0.19243900470295253
210-925,210,925,0.18456132859597493
210-926,210,926,0.17693547778011687
210-927,210,927,0.16955919909116798
210-928,210,928,0.16242974433106316
210-929,210,929,0.1555439135460706
210-930,210,930,0.14889809777564933
211-901,211,901,0.4311014057764827
211-902,211,902,0.41851707513791037
211-903,211,903,0.40603790731444983
211-904,211,904,0.3936789177635352
211-905,211,905,0.3814545189069389
211-906,211,906,0.3693784583816525
211-907,211,907,0.35746376407411307
211-908,211,908,0.34572269631474334
211-909,211,909,0.33416670749241684
211-910,211,910,0.3228064092317413
211-911,211,911,0.3116515471624571
211-912,211,912,0.3007109832022362
211-913,211,913,0.28999268517381765
211-915,211,915,0.2692502745306421
211-916,211,916,0.2592376303689929
211-917,211,917,0.24947021424453175
211-918,211,918,0.23995160139012459
211-920,211,920,0.2216710038935218
211-921,211,921,0.21291217998907827
211-922,211,922,0.20440855051301596
211-923,211,923,0.1961599088723212
211-925,211,925,0.18042358715601703
211-926,211,926,0.17293244545509184
211-929,211,929,0.1519355100858864
211-930,211,930,0.14541731896373689
212-901,212,901,0.4243125055752815
212-902,212,902,0.4117829061148651
212-903,212,903,0.39936662636693365
212-906,212,906,0.3629414495725711
212-907,212,907,0.35111878173048494
212-908,212,908,0.3394760103016447
212-909,212,909,0.32802413851072937
212-910,212,910,0.31677331429046746
212-911,212,911,0.3057328091134417
212-912,212,912,0.2949110042527677
212-913,212,913,0.28431538424231595
212-914,212,914,0.27395253722171237
212-915,212,915,0.26382816177726526
212-916,212,916,0.2539470798278209
212-917,212,917,0.24431325505479254
212-918,212,918,0.23492981633825605
212-919,212,919,0.22579908563565707
212-920,212,920,0.21692260972589913
212-922,212,922,0.1999349463933496
212-923,212,923,0.19182330489419272
212-924,212,924,0.18396509143648881
212-925,212,925,0.17635854832510597
212-926,212,926,0.16900138272588236
212-927,212,927,0.1618908101148087
212-928,212,928,0.1550235975276686
212-929,212,929,0.14839610625444818
212-930,212,930,0.14200433366476303
213-901,213,901,0.4175520471733038
213-902,213,902,0.4050816086051858
213-903,213,903,0.39273248055736343
213-904,213,904,0.38051902636344426
213-905,213,905,0.368454940092391
213-906,213,906,0.3565531921223047
213-907,213,907,0.3448259818986786
213-908,213,908,0.3332846981277293
213-909,213,909,0.32193988653876554
213-910,213,910,0.31080122523636794
213-911,213,911,0.2998775075556422
213-912,213,912,0.2891766322340942
213-913,213,913,0.278705600623472
213-914,213,914,0.26847052058543686
213-915,213,915,0.2584766166472321
213-916,213,916,0.24872824593801351
213-917,213,917,0.23922891938343416
213-918,213,918,0.2299813276052782
213-919,213,919,0.22098737095386928
213-920,213,920,0.21224819309306198
213-921,213,921,0.20376421755980514
213-922,213,922,0.19553518673157466
213-923,213,923,0.18756020265422207
213-924,213,924,0.17983776920869662
213-925,213,925,0.17236583512654108
213-926,213,926,0.16514183739970562
213-927,213,927,0.1581627446690062
213-928,213,928,0.15142510021629546
213-929,213,929,0.14492506422723106
213-930,213,930,0.1386584550334376
214-901,214,901,0.41082243544114705
214-902,214,902,0.39841550048214863
214-903,214,903,0.38613769042156715
214-905,214,905,0.3620247860077405
214-906,214,906,0.35021556294801315
214-907,214,907,0.3385871135166022
214-908,214,908,0.32715037599125574
214-909,214,909,0.3159154314597744
214-910,214,910,0.3048914832299901
214-911,214,911,0.2940868436542368
214-912,214,912,0.2835089281320034
214-913,214,913,0.27316425596992455
214-914,214,914,0.2630584577049982
214-915,214,915,0.2531962884357818
214-916,214,916,0.24358164665749493
214-917,214,917,0.2342175980605275
214-919,214,919,0.21624955215081215
214-920,214,920,0.20764779449102677
214-921,214,921,0.19930118250219317
214-922,214,922,0.19120910856777032
214-923,214,923,0.18337034731236326
214-924,214,924,0.17578309828422664
214-925,214,925,0.16844502923716415
214-926,214,926,0.1613533195779274
214-927,214,927,0.15450470358521068
214-928,214,928,0.14789551304774642
214-929,214,929,0.14152171901099844
214-930,214,930,0.13537897236361354
215-901,215,901,0.40412602974350004
215-902,215,902,0.3917868484244218
215-903,215,903,0.37958442014575844
215-904,215,904,0.3675323850854377
215-905,215,905,0.3556436558328838
215-906,215,906,0.3439303707124907
215-907,215,907,0.33240385455658755
215-908,215,908,0.3210745870530302
215-909,215,909,0.30995217867964026
215-911,215,911,0.2883619430424077
215-912,215,912,0.2779088777321296
215-914,215,914,0.25771705971190967
215-915,215,915,0.24798775523008057
215-917,215,917,0.22927961542315922
215-918,215,918,0.22030524957822686
215-919,215,919,0.21158572025406608
215-920,215,920,0.20312139711544028
215-922,215,922,0.18695649863113104
215-923,215,923,0.17925343733958726
215-924,215,924,0.17180069565247832
215-925,215,925,0.16459567295197972
215-926,215,926,0.15763530359880495
215-927,215,927,0.1509160998795124
215-929,215,929,0.1381853802405988
216-901,216,901,0.3974651408122333
216-903,216,903,0.3730747750262605
216-904,216,904,0.36110912528721995
216-905,216,905,0.34931341682480366
216-906,216,906,0.3376993542845991
216-907,216,907,0.3262778108304908
216-909,216,909,0.30405145860805677
216-910,216,910,0.2932640283009133
216-911,216,911,0.2827038559322729
216-912,216,912,0.27237739201943595
216-913,216,913,0.26229019912941337
216-914,216,914,0.2524469656524609
216-915,216,915,0.2428515250390384
216-916,216,916,0.23350687995739036
216-918,216,918,0.21557800799869326
216-919,216,919,0.20699590745388072
216-921,216,921,0.19059641503778688
216-922,216,922,0.1827770952840753
216-923,216,923,0.17520912648418846
216-924,216,924,0.1678901372377927
216-925,216,925,0.1608172711389299
216-926,216,926,0.15398722996226077
216-928,216,928,0.14104047494335567
216-929,216,929,0.1349153339394949
216-930,216,930,0.12901624310451607
217-901,217,901,0.3908420277680445
217-902,217,902,0.3786507063372966
217-903,217,903,0.36661079910115674
217-904,217,904,0.3547351605833957
217-905,217,905,0.3430358677545681
217-906,217,906,0.33152418138537204
217-907,217,907,0.32021051497950953
217-908,217,908,0.3091044112898349
217-909,217,909,0.2982145263151214
217-910,217,910,0.2875486205764681
217-911,217,911,0.27711355738369947
217-912,217,912,0.266915307724424
217-913,217,913,0.256958961342568
217-914,217,914,0.2472487435195891
217-915,217,915,0.2377880370304465
217-916,217,916,0.2285794087174182
217-917,217,917,0.21962464010757987
217-918,217,918,0.2109247614934546
217-919,217,919,0.20248008889998703
217-920,217,920,0.1942902633736334
217-921,217,921,0.18635429204968482
217-923,217,923,0.17123702574195365
217-924,217,924,0.16405095986295185
217-925,217,925,0.1571092931793213
217-927,217,927,0.1439447068945192
217-928,217,928,0.1377136614273637
217-929,217,929,0.13171084424166504
217-930,217,930,0.12593147114261175
218-901,218,901,0.38425889529803897
218-902,218,902,0.37214746889994577
218-903,218,903,0.36019447295822965
218-904,218,904,0.3484123485360323
218-906,218,906,0.32540644741960356
218-907,218,907,0.3142034256471382
218-908,218,908,0.3032127388244768
218-909,218,909,0.2924425613593472
218-910,218,910,0.2819001704014138
218-911,218,911,0.27159194772515843
218-912,218,912,0.26152338800954755
218-913,218,913,0.25169911305090703
218-914,218,914,0.2421228913985067
218-915,218,915,0.23279766286784395
218-916,218,916,0.2237255673640013
218-917,218,917,0.21490797743618553
218-918,218,918,0.20634553398375718
218-919,218,919,0.19803818454265942
218-920,218,920,0.18998522359810713
218-921,218,921,0.18218533439339193
218-922,218,922,0.17463663173451877
218-923,218,923,0.1673367053248922
218-924,218,924,0.1602826632021708
218-925,218,925,0.15347117488969797
218-926,218,926,0.14689851391647216
218-927,218,927,0.14056059940161011
218-928,218,928,0.1344530364408033
219-901,219,901,0.37771789099583314
219-904,219,904,0.34214247799352376
219-905,219,905,0.3306456831898375
219-906,219,906,0.3193476744919707
219-908,219,908,0.29738502746444473
219-910,219,910,0.27631964211846977
219-911,219,911,0.2661398531203925
219-912,219,912,0.25620232328901626
219-914,219,914,0.2370698387185701
219-915,219,915,0.22788070813947298
219-916,219,916,0.21894554285766682
219-917,219,917,0.2102653168087254
219-918,219,918,0.2018402926110853
219-919,219,919,0.193670061011107
219-920,219,920,0.18575358206552856
219-921,219,921,0.1780892275465952
219-922,219,922,0.17067482408765666
219-923,219,923,0.16350769662351808
219-925,219,925,0.14990232042125598
219-926,219,926,0.14345660030985713
219-927,219,927,0.1372432964673453
219-928,219,928,0.1312578611254646
219-929,219,929,0.12549549178878838
220-901,220,901,0.37122110286996046
220-902,220,902,0.359280834539931
220-903,220,903,0.3475123632275741
220-904,220,904,0.33592726760410474
220-905,220,905,0.32453629011879254
220-906,220,906,0.3133493106060093
220-907,220,907,0.3023753274244843
220-908,220,908,0.2916224459645335
220-909,220,909,0.2810978742664448
220-910,220,910,0.2708079254112162
220-911,220,911,0.26075802627433076
220-912,220,912,0.2509527321749166
220-913,220,913,0.2413957469067338
220-914,220,914,0.23208994760378293
220-915,220,915,0.22303741387167159
220-916,220,916,0.21423946060542004
220-917,220,917,0.20569667391434487
220-918,220,918,0.1974089495839798
220-919,220,919,0.18937553352247977
220-920,220,920,0.1815950636634872
220-921,220,921,0.17406561282768404
220-922,220,922,0.1667847320800446
220-924,220,924,0.15295653658582756
220-925,220,925,0.1464021041331843
220-926,220,926,0.1400820903157661
220-927,220,927,0.13399207767996005
220-928,220,928,0.1281273766518238
220-929,220,929,0.12248306277037913
220-930,220,930,0.11705401216147789
221-903,221,903,0.341250206368115
221-904,221,904,0.3297683645150641
221-905,221,905,0.3184860697329399
221-906,221,906,0.30741272904356937
221-907,221,907,0.2965568609029796
221-908,221,908,0.2859260875754427
221-909,221,909,0.27552713444569493
221-910,221,910,0.2653658358910864
221-911,221,911,0.255447147271396
221-912,221,912,0.2457751625423837
221-913,221,913,0.23635313695991123
221-914,221,914,0.22718351431429795
221-915,221,915,0.21826795811908267
221-916,221,916,0.20960738617361968
221-917,221,917,0.20120200792406653
221-918,221,918,0.19305136406121498
221-919,221,919,0.1851543678150118
221-920,221,920,0.17750934743341257
221-921,221,921,0.17011408936603747
221-922,221,922,0.16296588170984305
221-923,221,923,0.15606155751352987
221-924,221,924,0.1493975375785609
221-925,221,925,0.14296987243661685
221-926,221,926,0.13677428322510365
221-927,221,927,0.13080620122332307
221-928,221,928,0.12506080585142082
221-929,221,929,0.1195330609718384
221-930,221,930,0.11421774936824203
222-901,222,901,0.3583682155233197
222-902,222,902,0.34661346601592274
222-903,222,903,0.33504294964208103
222-904,222,904,0.3236673432572451
222-905,222,905,0.31249645938317006
222-906,222,906,0.3015392279217056
222-907,222,907,0.2908036852199292
222-908,222,908,0.2802969702231359
222-909,222,909,0.2700253273709941
222-910,222,910,0.2599941158226436
222-911,222,911,0.25020782453910334
222-912,222,912,0.2406700927063892
222-913,222,913,0.2313837349500831
222-914,222,914,0.22235077077126075
222-916,222,916,0.20504932705634724
222-918,222,918,0.18876734406464857
222-919,222,919,0.1810062820990621
222-920,222,920,0.17349606853920532
222-921,222,921,0.1662342160694078
222-922,222,922,0.15921776238270374
222-923,222,923,0.15244331325649466
222-924,222,924,0.14590708494718024
222-925,222,925,0.13960494560615994
222-926,222,926,0.13353245546103368
222-927,222,927,0.1276849055461109
222-928,222,928,0.12205735480485358
222-929,222,929,0.11664466542327577
222-930,222,930,0.1114415362871984
223-901,223,901,0.35201597441940746
223-902,223,902,0.3403590577871732
223-903,223,903,0.32889222987539657
223-904,223,904,0.3176257048136734
223-906,223,906,0.2957300299233425
223-907,223,907,0.2851168828386077
223-908,223,908,0.27473603684362696
223-909,223,909,0.2645932581163133
223-910,223,910,0.2546934349802459
223-911,223,911,0.24504059592965208
223-912,223,912,0.23563793270260117
223-913,223,913,0.22648782784051422
223-914,223,914,0.217591886157386
223-915,223,915,0.20895096953822873
223-916,223,916,0.20056523449206587
223-917,223,917,0.19243417189930495
223-918,223,918,0.1845566484153004
223-919,223,919,0.17693094902007853
223-920,223,920,0.16955482023742127
223-921,223,921,0.1624255135834778
223-922,223,922,0.15553982884473325
223-923,223,923,0.14889415682645152
223-924,223,924,0.1424845212546225
223-925,223,925,0.13630661955624654
223-926,223,926,0.13035586228364796
223-927,223,927,0.12462741098792748
223-928,223,928,0.11911621438405744
223-929,223,929,0.11381704268521874
224-901,224,901,0.34571566198810755
224-902,224,902,0.33415978820590336
224-903,224,903,0.3227996111330904
224-904,224,904,0.31164487587042905
224-905,224,905,0.30070444379815575
224-906,224,906,0.2899862821974677
224-908,224,908,0.2692441558671797
224-909,224,909,0.25923165852338337
224-910,224,910,0.2494643916289718
224-911,224,911,0.23994592991206282
224-912,224,912,0.23067902566469886
224-913,224,913,0.22166563847990875
224-914,224,914,0.21290696858571484
224-916,224,916,0.19615500532153357
224-917,224,917,0.1881606544584735
224-918,224,918,0.18041898868645867
224-919,224,919,0.1729279976277792
224-920,224,920,0.16568515584383137
224-921,224,921,0.15868746623895888
224-922,224,922,0.1519315030951918
224-923,224,923,0.14541345440155778
224-924,224,924,0.13912916318356305
224-925,224,925,0.13307416757983934
224-926,224,926,0.1272437394530862
224-927,224,927,0.12163292136083764
224-928,224,928,0.11623656174775719
224-929,224,929,0.11104934825487238
224-930,224,930,0.10606583907210146
225-901,225,901,0.33946903712953275
225-902,225,902,0.3280172837543988
225-903,225,903,0.31676658381411993
225-904,225,904,0.3057262082471925
225-905,225,905,0.2949045377865564
225-906,225,906,0.28430905642407067
225-907,225,907,0.27394635175956056
225-909,225,909,0.25394118807657395
225-910,225,910,0.24430751362248154
225-911,225,911,0.23492422686729997
225-912,225,912,0.22579364929049192
225-913,225,913,0.21691732721319779
225-914,225,914,0.20829606682910878
225-915,225,915,0.19992997194613496
225-917,225,917,0.18396042296449786
225-918,225,918,0.17635403116787607
225-919,225,919,0.1689970153461291
225-920,225,920,0.16188659069147351
225-923,225,923,0.1420005447335116
225-924,225,924,0.13584030330753
225-925,225,925,0.1299068420472737
225-926,225,926,0.12419530484936747
225-927,225,927,0.11870062548501181
225-929,225,929,0.10834072792350313
225-930,225,930,0.10346462465443292
226-901,226,901,0.33327778796279356
226-902,226,902,0.32193309801336295
226-903,226,903,0.31079456392811294
226-904,226,904,0.2998709785042411
226-905,226,905,0.2891702399375735
226-906,226,906,0.27869934903855115
226-907,226,907,0.2684644131318148
226-908,226,908,0.2584706562155194
226-910,226,910,0.2392232596103477
226-911,226,911,0.22997582047875623
226-912,226,912,0.22098201738920276
226-913,226,913,0.21224299355943724
226-914,226,914,0.20375917210316
226-915,226,915,0.19553029499874502
226-916,226,916,0.187555463918047
226-917,226,917,0.17983318239378063
226-918,226,918,0.17236139883539084
226-919,226,919,0.16513754993897528
226-920,226,920,0.1581586040756084
226-921,226,921,0.15142110428317213
226-922,226,922,0.144921210528588
226-923,226,923,0.1386547409492874
226-924,226,924,0.13261721182403652
226-925,226,925,0.12680387606328686
226-927,226,927,0.11582969867740295
226-930,226,930,0.10092000186387326
227-901,227,901,0.3271435306048032
227-903,227,903,0.30488489255136114
227-904,227,904,0.2940803877220631
227-905,227,905,0.28350261115251135
227-906,227,906,0.27315808160987315
227-907,227,907,0.26305242909796245
227-908,227,908,0.2531904081919201
227-910,227,910,0.23421202034728486
227-911,227,911,0.22510097921044728
227-912,227,912,0.2162442815023111
227-913,227,913,0.20764267794938546
227-914,227,914,0.19929621989536017
227-915,227,915,0.19120429933801278
227-916,227,916,0.1833656905417626
227-917,227,917,0.17577859272067473
227-918,227,918,0.16844067332059
227-919,227,919,0.16134911146650002
227-920,227,920,0.15450064118128998
227-921,227,921,0.14789159402338894
227-922,227,922,0.14151794083283573
227-923,227,923,0.13537533231696178
227-924,227,924,0.12945913824755678
227-925,227,925,0.12376448508053095
227-926,227,926,0.11828629184614516
227-927,227,927,0.11301930419258366
227-928,227,928,0.10795812649764515
227-929,227,929,0.1030972519925533
227-930,227,930,0.09843109086816587
228-902,228,902,0.30994552738505177
228-903,228,903,0.29903883545875265
228-904,228,904,0.28835556144918456
228-905,228,905,0.2779026371328839
228-906,228,906,0.26768610136634363
228-907,228,907,0.2577111107081598
228-909,228,909,0.23850208285993021
228-910,228,910,0.22927412009664677
228-911,228,911,0.22029990786527864
228-913,228,913,0.2031163635154648
228-914,228,914,0.1949070918335488
228-915,228,915,0.18695177163781077
228-916,228,916,0.1792488621710108
228-917,228,917,0.1717962708874344
228-918,228,918,0.16459139687542157
228-919,228,919,0.1576311742279462
228-920,228,920,0.15091211498955914
228-921,228,921,0.14443035134982443
228-922,228,922,0.13818167679528456
228-923,228,923,0.1321615859732293
228-924,228,924,0.12636531306043103
228-925,228,925,0.12078786846810328
228-926,228,926,0.11542407375015105
228-927,228,927,0.11026859461507266
228-928,228,928,0.10531597197237591
228-929,228,929,0.10056065097203015
228-930,228,930,0.09599700802017816
229-901,229,901,0.3150520897372565
229-902,229,902,0.30404487814521114
229-903,229,903,0.2932575829277259
229-904,229,904,0.282697549813281
229-905,229,905,0.2723712287800656
229-906,229,906,0.2622841818625406
229-907,229,907,0.2524410969284296
229-908,229,908,0.24284580691882102
229-909,229,909,0.23350131400854496
229-910,229,910,0.2244098181205402
229-911,229,911,0.21557274921579436
229-912,229,912,0.20699080277886772
229-913,229,913,0.1986639779269708
229-914,229,914,0.1905916175868681
229-915,229,915,0.18277245020742422
229-916,229,916,0.17520463250504723
229-917,229,917,0.16788579277346072
229-918,229,918,0.16081307432695557
229-919,229,919,0.1539831786863681
229-921,229,921,0.14103670750216812
229-922,229,922,0.13491170441389724
229-923,229,923,0.1290127486104735
229-924,229,924,0.12333494932002886
229-927,229,927,0.10757671320266478
229-928,229,928,0.10273103429301149
229-929,229,929,0.09807963557781012
229-930,229,930,0.09361686692697312
230-901,230,901,0.3090977700385603
230-902,230,902,0.29820801804887115
230-903,230,903,0.28754224970976355
230-904,230,904,0.2771073277901659
230-905,230,905,0.266909222741662
230-906,230,906,0.2569530237806144
230-907,230,907,0.2472429556726651
230-909,230,909,0.22857392519612607
230-910,230,910,0.21961931024892217
230-911,230,911,0.2109195856998995
230-912,230,912,0.20247506715439686
230-913,230,913,0.1942853952635801
230-914,230,914,0.18634957679267572
230-915,230,915,0.17866602695012804
230-916,230,916,0.17123261249282956
230-917,230,917,0.16404669515879303
230-918,230,918,0.15710517501779275
230-919,230,919,0.15040453337145912
230-920,230,920,0.14394087487620857
230-922,230,922,0.13170728779906057
230-923,230,923,0.1259280481215128
230-924,230,924,0.12036724422074101
230-925,230,925,0.11501968449947896
230-926,230,926,0.10988002397666935
230-927,230,927,0.10494279518045846
230-928,230,928,0.10020243703208503
230-929,230,929,0.09565332170568225
230-930,230,930,0.09128977947057876
231-901,231,901,0.30320616860533184
231-902,231,902,0.29243612656984574
231-903,231,903,0.28189387516442443
231-904,231,904,0.27158579562481083
231-905,231,905,0.26151738209807657
231-906,231,906,0.25169325585892327
231-907,231,907,0.24211718494838014
231-908,231,908,0.23279210868986758
231-909,231,909,0.22372016651497834
231-910,231,910,0.2149027305200978
231-911,231,911,0.20634044117415878
231-912,231,912,0.19803324560645844
231-913,231,913,0.18998043792041266
231-914,231,914,0.1821807010031056
231-915,231,915,0.17463214933038718
231-916,231,916,0.16733237230174217
231-917,231,917,0.16027847767708533
231-918,231,918,0.15346713472791418
231-919,231,919,0.14689461675680146
231-921,231,921,0.13444941741914254
231-922,231,922,0.12856767085471174
231-923,231,923,0.12290669520038547
231-924,231,924,0.11746138060959174
231-925,231,925,0.11222644892750132
231-926,231,926,0.10719648549947844
231-927,231,927,0.10236596898543526
231-928,231,928,0.09772929915415311
232-901,232,901,0.29737852963016964
232-902,232,902,0.28673030766532415
232-903,232,903,0.27631342355044247
232-904,232,904,0.2661337793981736
232-905,232,905,0.25619639718245923
232-906,232,906,0.24650543594076121
232-907,232,907,0.23706421410869186
232-908,232,908,0.22787523642840482
232-909,232,909,0.21894022485567677
232-912,232,912,0.1936652047055425
232-913,232,913,0.18574887853813576
232-914,232,914,0.17808467564522898
232-915,232,915,0.17067042234413857
232-916,232,916,0.16350344327986877
232-918,232,918,0.14989835757406816
232-919,232,919,0.14345277910817922
232-920,232,920,0.13723961424972608
232-921,232,921,0.13125431506531213
232-922,232,922,0.12549207891689163
232-923,232,923,0.11994788489777716
232-924,232,924,0.11461652845448479
232-925,232,925,0.10949265409966484
232-926,232,926,0.10457078615143042
232-927,232,927,0.09984535746160479
232-928,232,928,0.09531073611964999
232-930,232,930,0.08679121016238768
233-901,233,901,0.291616021783171
233-902,233,902,0.2810915899327124
233-903,233,903,0.2708017844679913
233-904,233,904,0.26075203173326594
233-905,233,905,0.25094688652696673
233-906,233,906,0.2413900521357655
233-907,233,907,0.23208440520293278
233-908,233,908,0.22303202486211016
233-909,233,909,0.21423422555716184
233-910,233,910,0.20569159296876507
233-911,233,911,0.19740402247768923
233-912,233,912,0.1893707596122358
233-913,233,913,0.18159044195183502
233-914,233,914,0.17406114198902878
233-915,233,915,0.16678041048689446
233-916,233,916,0.1597453199070941
233-917,233,917,0.15295250752413572
233-918,233,918,0.14639821788308105
233-919,233,919,0.14007834429988109
233-920,233,920,0.13398846914505222
233-921,233,921,0.12812390269176738
233-922,233,922,0.12247972034812393
233-923,233,923,0.11705079812991491
233-924,233,924,0.11183184626429846
233-925,233,925,0.10681744084616572
233-926,233,926,0.10200205349752763
233-927,233,927,0.09738007900586837
233-928,233,928,0.09294586094008932
233-929,233,929,0.0886937152625074
233-930,233,930,0.08461795197241387
234-901,234,901,0.2859197382304492
234-902,234,902,0.27552092692272206
234-903,234,903,0.2653597734458348
234-904,234,904,0.25544123263360485
234-905,234,905,0.2457693979280625
234-906,234,906,0.23634752408647136
234-907,234,907,0.2271780544182481
234-908,234,908,0.2182626519759402
234-909,234,909,0.20960223411968018
234-910,234,910,0.20119700987969616
234-911,234,911,0.19304651955532226
234-912,234,912,0.18514967601038765
234-913,234,913,0.17750480715264005
234-914,234,914,0.17010969911768584
234-915,234,915,0.16296163971469796
234-916,234,916,0.1560574617306207
234-917,234,917,0.14939358573078346
234-918,234,918,0.1429660620357736
234-919,234,919,0.1367706115962023
234-920,234,920,0.13080266552799957
234-922,234,922,0.11952978808625375
234-923,234,923,0.11421460313997032
234-924,234,924,0.10910648246023831
234-925,234,925,0.1041999423255478
234-926,234,926,0.09948940967669336
234-927,234,927,0.09496924866488765
234-928,234,928,0.09063378518511975
234-929,234,929,0.08647732942274285
234-930,234,930,0.08249419645688005
235-901,235,901,0.2802906968136714
235-902,235,902,0.2700191976027493
235-904,235,904,0.25020199044694763
235-905,235,905,0.24066440962342558
235-906,235,906,0.23137820433240586
235-907,235,907,0.22234539360452993
235-908,235,908,0.2135672344445196
235-909,235,909,0.20504425797321255
235-910,235,910,0.19677630806301905
235-911,235,911,0.18876258191592588
235-912,235,912,0.18100167205816767
235-913,235,913,0.17349160925636092
235-914,235,914,0.16622990589495665
235-916,235,916,0.15243929528077937
235-917,235,917,0.1459032095913457
235-918,235,918,0.13960121027845113
235-919,235,919,0.13352885739563103
235-920,235,920,0.1276814418260379
235-921,235,921,0.12205402238385789
235-922,235,922,0.11664146114660384
235-923,235,923,0.11143845691121473
235-925,235,925,0.10163928525513466
235-926,235,926,0.0970319725406081
235-927,235,927,0.09261197918336772
235-928,235,928,0.08837361994204083
235-929,235,929,0.08431120519883907
235-930,235,930,0.08041906053928156
236-901,236,901,0.27472984038501524
236-902,236,902,0.2645872069642131
236-903,236,903,0.2546875318243584
236-904,236,904,0.24503484294701172
236-905,236,905,0.2356323315729233
236-906,236,906,0.22648237976407187
236-907,236,907,0.21758659187507337
236-908,236,908,0.20894582935346417
236-909,236,909,0.20056024829418226
236-910,236,910,0.19242933918810462
236-911,236,911,0.18455196832644816
236-912,236,912,0.17692642035103967
236-913,236,913,0.16955044147367065
236-914,236,914,0.16242128292471908
236-915,236,915,0.15553574423090563
236-916,236,916,0.1488902159633132
236-917,236,917,0.14248072163873648
236-918,236,918,0.13630295849921625
236-919,236,919,0.13035233693547202
236-920,236,920,0.12462401835936296
236-921,236,921,0.11911295136791498
236-922,236,922,0.11381390607651876
236-923,236,923,0.10872150653136452
236-924,236,924,0.10383026114079935
236-925,236,925,0.09913459109205651
236-926,236,926,0.0946288567436017
236-927,236,927,0.0903073820042737
236-928,236,928,0.08616447672848207
236-929,236,929,0.08219445717215673
236-930,236,930,0.07839166456701016
237-901,237,901,0.2692380372915328
237-902,237,902,0.259225686767202
237-903,237,903,0.24945856910414244
237-905,237,905,0.23067350683602966
237-906,237,906,0.22166027315917763
237-907,237,907,0.21290175727540703
237-908,237,908,0.2043984359751525
237-909,237,909,0.1961501018634118
237-910,237,910,0.18815590406518662
237-911,237,911,0.1804143903083029
237-912,237,912,0.1729235498909471
237-913,237,913,0.16568085707665875
237-915,237,915,0.1519274961912412
237-916,237,916,0.14540958992460676
237-917,237,917,0.1391254385276144
237-918,237,918,0.13307057996662927
237-921,237,921,0.11623336720672768
237-922,237,922,0.11104627836157013
237-923,237,923,0.10606289050773308
237-925,237,925,0.09668497716506484
237-926,237,926,0.0922791747840278
237-927,237,927,0.08805456822160349
237-928,237,928,0.084005468359029
237-929,237,929,0.08012620271114593
237-930,237,930,0.07641113301498065
238-901,238,901,0.26381608200254114
238-902,238,902,0.25393529641549445
238-903,238,903,0.24430177228147745
238-904,238,904,0.23491863748849437
238-905,238,905,0.22578821303803998
238-906,238,906,0.21691204479350334
238-908,238,908,0.19992499759175972
238-909,238,909,0.1918136629584931
238-910,238,910,0.18395575458427113
238-911,238,911,0.1763495141015746
238-912,238,912,0.16899264805628766
238-913,238,913,0.16188237135687017
238-914,238,914,0.15501545052353427
238-915,238,915,0.14838824638178463
238-916,238,916,0.14199675588662453
238-917,238,917,0.13583665280545584
238-918,238,918,0.12990332702850424
238-919,238,919,0.12419192231483402
238-920,238,920,0.11869737231929141
238-922,238,922,0.10833772378288532
238-923,238,923,0.10346174003297821
238-925,238,925,0.09428955775745715
238-926,238,926,0.08998203799765496
238-927,238,927,0.08585264948643019
238-928,238,928,0.08189570976665843
238-929,238,929,0.07810556271136637
238-930,238,930,0.07447659514778453
239-902,239,902,0.24871662395479494
239-903,239,903,0.23921759992905925
239-904,239,904,0.22997031344472219
239-905,239,905,0.2209766639174398
239-906,239,906,0.21223779411886998
239-907,239,907,0.20375412673947785
239-908,239,908,0.1955254033585496
239-909,239,909,0.18755072527395775
239-911,239,911,0.17235696263464284
239-912,239,912,0.1651332625675406
239-913,239,913,0.1581544635702447
239-914,239,914,0.15141710843668035
239-915,239,915,0.14491735691505073
239-916,239,916,0.1386510269486079
239-917,239,917,0.13261363464564327
239-918,239,918,0.1268004327688914
239-919,239,919,0.1212064475727473
239-920,239,920,0.11582651385273084
239-921,239,921,0.11065530810509866
239-923,239,923,0.10091718020139102
239-924,239,924,0.09633909028503201
239-925,239,925,0.09194744514155336
239-926,239,926,0.0877365575037102
239-927,239,927,0.08370073886701099
239-928,239,928,0.07983431877990965
239-929,239,929,0.0761316622931163
239-930,239,930,0.07258718564147816
240-901,240,901,0.25318452803832314
240-902,240,902,0.2435701871868373
240-903,240,903,0.23420644272624752
240-904,240,904,0.22509555478616564
240-905,240,905,0.2162390109468276
240-906,240,906,0.20763756150078005
240-907,240,907,0.19929125738134096
240-908,240,908,0.19119949020062094
240-909,240,909,0.18336103386286817
240-910,240,910,0.17577408724797744
240-911,240,911,0.16843631749384227
240-912,240,912,0.16134490344370708
240-914,240,914,0.14788767508485573
240-915,240,915,0.14151416273891063
240-916,240,916,0.13537169235285906
240-917,240,917,0.12945563354039502
240-918,240,918,0.12376111262153952
240-919,240,919,0.11828304851178792
240-920,240,920,0.11301618676453568
240-921,240,921,0.10795513168158631
240-922,240,922,0.10309437643574738
240-923,240,923,0.09842833117582052
240-924,240,924,0.09395134910763539
240-925,240,925,0.08965775056527438
240-927,240,927,0.08159795166383323
240-929,240,929,0.0742036314577444
240-930,240,930,0.07074204516614574
241-901,241,901,0.24797615642618973
241-902,241,902,0.23849643489187267
241-903,241,903,0.2292686248626655
241-904,241,904,0.22029456624525462
241-905,241,905,0.21157534501987113
241-906,241,906,0.20311133000843415
241-908,241,908,0.18694704473652693
241-909,241,909,0.17924428709370505
241-911,241,911,0.16458712088806712
241-912,241,912,0.15762704494501828
241-913,241,913,0.15090813018612534
241-914,241,914,0.14442650858414882
241-915,241,915,0.1381779734333101
241-916,241,916,0.13215801921221318
241-917,241,917,0.1263618799516225
241-918,241,918,0.12078456593837607
241-919,241,919,0.11542089862251707
241-920,241,920,0.11026554362802433
241-923,241,923,0.09599430930546617
241-924,241,924,0.09161678765534004
241-925,241,925,0.08741958519147187
241-926,241,926,0.08339701413802665
241-927,241,927,0.0795434061805349
241-928,241,928,0.07585312977636703
241-929,241,929,0.07232060570375803
241-930,241,930,0.06894032093040259
242-901,242,901,0.24284008889005898
242-902,242,902,0.23349574815195695
242-904,242,904,0.2155674905259237
242-905,242,905,0.20698569819688137
242-906,242,906,0.19865902724998605
242-908,242,908,0.18276780522242236
242-909,242,909,0.17520013861668776
242-910,242,910,0.16788144839886776
242-911,242,911,0.16080887760351792
242-912,242,912,0.1539791274976627
242-913,242,913,0.14738850015982055
242-914,242,914,0.14103294014509182
242-915,242,915,0.1349080749707143
242-916,242,916,0.12900925419706227
242-917,242,917,0.12333158691804333
242-919,242,919,0.11261915953680886
242-920,242,920,0.1075737276912699
242-921,242,921,0.10272816778071099
242-922,242,922,0.0980768846672155
242-923,242,923,0.09361422819489411
242-924,242,924,0.08933451710743116
242-925,242,925,0.08523206099074679
242-926,242,926,0.08130118028865078
242-927,242,927,0.07753622445169174
242-928,242,928,0.0739315882893833
242-929,242,929,0.07048172660387036
242-930,242,930,0.06718116718902384
243-901,243,901,0.23777676444481585
243-902,243,902,0.22856844176740548
243-903,243,903,0.21961398048321032
243-904,243,904,0.21091440999940236
243-905,243,905,0.20247004550173242
243-906,243,906,0.19428052724608993
243-908,243,908,0.1786614635106533
243-909,243,909,0.17122819933394656
243-910,243,910,0.164042430543744
243-911,243,911,0.15710105694409132
243-912,243,912,0.15040055959658788
243-913,243,913,0.1439370429427601
243-914,243,914,0.1377062758643463
243-915,243,915,0.13170373143792022
243-916,243,916,0.12592462518005273
243-917,243,917,0.12036395161712136
243-918,243,918,0.11501651904952886
243-919,243,919,0.10987698241314049
243-920,243,920,0.10493987417107183
243-921,243,921,0.10019963319636085
243-922,243,922,0.09565063163054499
243-923,243,923,0.09128719972475291
243-924,243,924,0.08710364868864502
243-925,243,925,0.08309429158857716
243-927,243,927,0.07557553292851689
243-929,243,929,0.06868614234415708
243-930,243,930,0.06546374571490056
244-901,244,901,0.23278655460419734
244-902,244,902,0.22371476575876145
244-903,244,903,0.2148974836970485
244-904,244,904,0.20633534845757653
244-905,244,905,0.19802830676301503
244-906,244,906,0.18997565233499517
244-907,244,907,0.1821760677044083
244-908,244,908,0.17462766701696444
244-909,244,909,0.1673280393682438
244-910,244,910,0.16027429224043602
244-913,244,913,0.14055308604478883
244-914,244,914,0.134445798479762
244-915,244,915,0.1285641867171368
244-916,244,916,0.12290334283682086
244-917,244,917,0.1174581568806273
244-918,244,918,0.11222335060191169
244-919,244,919,0.10719350927283078
244-922,244,922,0.09327819241962133
244-924,244,924,0.08492329455540125
244-925,244,925,0.08100539306764436
244-926,244,926,0.07725298294663785
244-928,244,928,0.07022229358034161
244-929,244,929,0.06693300822650969
244-930,244,930,0.06378722623653243
245-901,245,901,0.22786976480994556
245-902,245,902,0.21893490694665024
245-903,245,903,0.21025498905458753
245-904,245,904,0.20183027291666442
245-905,245,905,0.193660348492503
245-906,245,906,0.18574417510267385
245-907,245,907,0.1780801238350006
245-909,245,909,0.1634991900252354
245-910,245,910,0.15657649787582206
245-912,245,912,0.14344895799123975
245-913,245,913,0.13723593211518614
245-914,245,914,0.13125076908648572
245-915,245,915,0.12548866612448945
245-916,245,916,0.11994460220136816
245-917,245,917,0.11461337266283067
245-918,245,918,0.10948962193988172
245-919,245,919,0.10456787428694518
245-920,245,920,0.09984256250888764
245-921,245,921,0.09530805466372841
245-922,245,922,0.09095867874917749
245-924,245,924,0.08279256863646706
245-925,245,925,0.07896448472631193
245-926,245,926,0.07529886921568767
245-927,245,927,0.0717901522155138
245-928,245,928,0.06843283201846322
245-929,245,929,0.06522148713558826
245-930,245,930,0.062150786842273174
246-901,246,901,0.22302663594538108
246-902,246,902,0.21422899060194936
246-903,246,903,0.2056865121161916
246-904,246,904,0.19739909546412687
246-906,246,906,0.1815858203317099
246-907,246,907,0.17405667124100718
246-908,246,908,0.16677608898330928
246-909,246,909,0.15974114574455828
246-910,246,910,0.15294847854940988
246-911,246,911,0.1463943317184468
246-912,246,912,0.14007459836785338
246-913,246,913,0.13398486069229087
246-914,246,914,0.12812042881205982
246-915,246,915,0.12247637800434863
246-916,246,916,0.11704758417490298
246-917,246,917,0.11182875746054025
246-918,246,918,0.1068144738843262
246-919,246,919,0.10199920501374593
246-920,246,920,0.0973773455978323
246-921,246,921,0.09294323918189476
246-922,246,922,0.08869120171831459
246-924,246,924,0.0807105874289526
246-925,246,925,0.07697068979426613
246-926,246,926,0.07339025344370188
246-927,246,927,0.06996374361532473
246-928,246,928,0.06668570040150709
246-929,246,929,0.06355074997148463
246-930,246,930,0.060553614352544756
